{"cameraMode":{"drawMode":0,"name":"Shaded","section":"Shading Mode"},"sceneLighting":true,"audioPlay":false,"sceneViewState":{"m_AlwaysRefresh":false,"showFog":true,"showSkybox":true,"showFlares":true,"showImageEffects":true,"showParticleSystems":true,"showVisualEffectGraphs":true,"m_FxEnabled":true},"in2DMode":false,"pivot":{"x":-3.9367175102233888,"y":3.375257730484009,"z":-9.479548454284668},"rotation":{"x":-0.06312602758407593,"y":-0.06671915948390961,"z":0.004229378886520863,"w":-0.9957669377326965},"size":11.925186157226563,"orthographic":false}